{"cameraMode":{"drawMode":0,"name":"Shaded","section":"Shading Mode"},"sceneLighting":true,"audioPlay":false,"sceneViewState":{"m_AlwaysRefresh":false,"showFog":true,"showSkybox":false,"showFlares":true,"showImageEffects":true,"showParticleSystems":true,"showVisualEffectGraphs":true,"m_FxEnabled":true},"in2DMode":false,"pivot":{"x":-0.20430850982666017,"y":1.2289537191390992,"z":0.25557756423950198},"rotation":{"x":-0.1055174320936203,"y":0.6173254251480103,"z":-0.08404375612735748,"w":-0.7750570774078369},"size":3.063499927520752,"orthographic":false}